distance,pool exchange,proposed model
0,23160.4386461,27678.2058889
1,33372.0891439,35210.6338924
2,36911.7888769,37113.9359782
3,37357.1017024,37359.7012087
4,37366.9631978,37366.9631939
